{
    "accuracy": 0.9417512213453589,
    "macro_f1": 0.9232964774874967,
    "weighted_f1": 0.9421024652441008
}